old_mag_name	new_mag_name
IO-all-DCM-0-8-5-00_bin-104	TOPAZ_IOD1_E001
IO-all-DCM-0-8-5-00_bin-107	TOPAZ_IOD1_E002
IO-all-DCM-0-8-5-00_bin-111	TOPAZ_IOD1_E003
IO-all-DCM-0-8-5-00_bin-12	TOPAZ_IOD1_E004
IO-all-DCM-0-8-5-00_bin-120	TOPAZ_IOD1_E005
IO-all-DCM-0-8-5-00_bin-130	TOPAZ_IOD1_E006
IO-all-DCM-0-8-5-00_bin-147	TOPAZ_IOD1_E007
IO-all-DCM-0-8-5-00_bin-157	TOPAZ_IOD1_E008
IO-all-DCM-0-8-5-00_bin-17	TOPAZ_IOD1_E009
IO-all-DCM-0-8-5-00_bin-21	TOPAZ_IOD1_E010
IO-all-DCM-0-8-5-00_bin-230	TOPAZ_IOD1_E011
IO-all-DCM-0-8-5-00_bin-306	TOPAZ_IOD1_E012
IO-all-DCM-0-8-5-00_bin-320	TOPAZ_IOD1_E013
IO-all-DCM-0-8-5-00_bin-323	TOPAZ_IOD1_E014
IO-all-DCM-0-8-5-00_bin-325	TOPAZ_IOD1_E015
IO-all-DCM-0-8-5-00_bin-344	TOPAZ_IOD1_E016
IO-all-DCM-0-8-5-00_bin-351	TOPAZ_IOD1_E017
IO-all-DCM-0-8-5-00_bin-353	TOPAZ_IOD1_E018
IO-all-DCM-0-8-5-00_bin-36	TOPAZ_IOD1_E019
IO-all-FSW-0-8-5-00_bin-66	TOPAZ_IOF1_E001
IO-all-FSW-0-8-5-00_bin-83	TOPAZ_IOF1_E002
IO-all-FSW-0-8-5-00_bin-88	TOPAZ_IOF1_E003
IO-all-MES-0-8-5-00_bin-188	TOPAZ_IOM1_E001
IO-all-MES-0-8-5-00_bin-223	TOPAZ_IOM1_E002
IO-all-MES-0-8-5-00_bin-262	TOPAZ_IOM1_E003
IO-all-MES-0-8-5-00_bin-59	TOPAZ_IOM1_E004
IO-all-SRF-0-8-5-00_bin-100	TOPAZ_IOS1_E001
IO-all-SRF-0-8-5-00_bin-105	TOPAZ_IOS1_E002
IO-all-SRF-0-8-5-00_bin-109	TOPAZ_IOS1_E003
IO-all-SRF-0-8-5-00_bin-113	TOPAZ_IOS1_E004
IO-all-SRF-0-8-5-00_bin-126	TOPAZ_IOS1_E005
IO-all-SRF-0-8-5-00_bin-141	TOPAZ_IOS1_E006
IO-all-SRF-0-8-5-00_bin-166	TOPAZ_IOS1_E007
IO-all-SRF-0-8-5-00_bin-174	TOPAZ_IOS1_E008
IO-all-SRF-0-8-5-00_bin-183	TOPAZ_IOS1_E009
IO-all-SRF-0-8-5-00_bin-21	TOPAZ_IOS1_E010
IO-all-SRF-0-8-5-00_bin-210	TOPAZ_IOS1_E011
IO-all-SRF-0-8-5-00_bin-22	TOPAZ_IOS1_E012
IO-all-SRF-0-8-5-00_bin-223	TOPAZ_IOS1_E013
IO-all-SRF-0-8-5-00_bin-243	TOPAZ_IOS1_E014
IO-all-SRF-0-8-5-00_bin-250	TOPAZ_IOS1_E015
IO-all-SRF-0-8-5-00_bin-251	TOPAZ_IOS1_E016
IO-all-SRF-0-8-5-00_bin-252	TOPAZ_IOS1_E017
IO-all-SRF-0-8-5-00_bin-256	TOPAZ_IOS1_E018
IO-all-SRF-0-8-5-00_bin-260	TOPAZ_IOS1_E019
IO-all-SRF-0-8-5-00_bin-290	TOPAZ_IOS1_E020
IO-all-SRF-0-8-5-00_bin-291	TOPAZ_IOS1_E021
IO-all-SRF-0-8-5-00_bin-298	TOPAZ_IOS1_E022
IO-all-SRF-0-8-5-00_bin-302	TOPAZ_IOS1_E023
IO-all-SRF-0-8-5-00_bin-307	TOPAZ_IOS1_E024
IO-all-SRF-0-8-5-00_bin-312	TOPAZ_IOS1_E025
IO-all-SRF-0-8-5-00_bin-325	TOPAZ_IOS1_E026
IO-all-SRF-0-8-5-00_bin-336	TOPAZ_IOS1_E027
IO-all-SRF-0-8-5-00_bin-34	TOPAZ_IOS1_E028
IO-all-SRF-0-8-5-00_bin-341	TOPAZ_IOS1_E029
IO-all-SRF-0-8-5-00_bin-348	TOPAZ_IOS1_E030
IO-all-SRF-0-8-5-00_bin-349	TOPAZ_IOS1_E031
IO-all-SRF-0-8-5-00_bin-351	TOPAZ_IOS1_E032
IO-all-SRF-0-8-5-00_bin-380	TOPAZ_IOS1_E033
IO-all-SRF-0-8-5-00_bin-402	TOPAZ_IOS1_E034
IO-all-SRF-0-8-5-00_bin-406	TOPAZ_IOS1_E035
IO-all-SRF-0-8-5-00_bin-446	TOPAZ_IOS1_E036
IO-all-SRF-0-8-5-00_bin-484	TOPAZ_IOS1_E037
IO-all-SRF-0-8-5-00_bin-502	TOPAZ_IOS1_E038
IO-all-SRF-0-8-5-00_bin-504	TOPAZ_IOS1_E039
IO-all-SRF-0-8-5-00_bin-529	TOPAZ_IOS1_E040
IO-all-SRF-0-8-5-00_bin-538	TOPAZ_IOS1_E041
IO-all-SRF-0-8-5-00_bin-548	TOPAZ_IOS1_E042
IO-all-SRF-0-8-5-00_bin-579	TOPAZ_IOS1_E043
IO-all-SRF-0-8-5-00_bin-591	TOPAZ_IOS1_E044
IO-all-SRF-0-8-5-00_bin-80	TOPAZ_IOS1_E045
IO-all-SRF-0-8-5-00_bin-89	TOPAZ_IOS1_E046
IO-all-DCM-180-2000-00_bin-20	TOPAZ_IOD4_E001
IO-all-DCM-180-2000-00_bin-25	TOPAZ_IOD4_E002
IO-all-SRF-180-2000-00_bin-21	TOPAZ_IOS4_E001
IO-all-SRF-180-2000-00_bin-30	TOPAZ_IOS4_E002
IO-all-SRF-180-2000-00_bin-40	TOPAZ_IOS4_E003
IO-all-SRF-180-2000-00_bin-43	TOPAZ_IOS4_E004
IO-all-SRF-180-2000-00_bin-44	TOPAZ_IOS4_E005
IO-all-SRF-180-2000-00_bin-48	TOPAZ_IOS4_E006
IO-all-SRF-180-2000-00_bin-56	TOPAZ_IOS4_E007
IO-all-SRF-180-2000-00_bin-58	TOPAZ_IOS4_E008
IO-all-SRF-180-2000-00_bin-62	TOPAZ_IOS4_E009
IO-all-SRF-180-2000-00_bin-7	TOPAZ_IOS4_E010
IO-all-SRF-180-2000-00_bin-72	TOPAZ_IOS4_E011
IO-all-SRF-180-2000-00_bin-79	TOPAZ_IOS4_E012
IO-all-SRF-180-2000-00_bin-83	TOPAZ_IOS4_E013
IO-all-SRF-180-2000-00_bin-90	TOPAZ_IOS4_E014
IO-all-SRF-180-2000-00_bin-96	TOPAZ_IOS4_E015
IO-all-DCM-20-180-00_bin-103	TOPAZ_IOD3_E001
IO-all-DCM-20-180-00_bin-105	TOPAZ_IOD3_E002
IO-all-DCM-20-180-00_bin-109	TOPAZ_IOD3_E003
IO-all-DCM-20-180-00_bin-117	TOPAZ_IOD3_E004
IO-all-DCM-20-180-00_bin-38	TOPAZ_IOD3_E005
IO-all-DCM-20-180-00_bin-48	TOPAZ_IOD3_E006
IO-all-DCM-20-180-00_bin-49	TOPAZ_IOD3_E007
IO-all-DCM-20-180-00_bin-54	TOPAZ_IOD3_E008
IO-all-DCM-20-180-00_bin-57	TOPAZ_IOD3_E009
IO-all-DCM-20-180-00_bin-62	TOPAZ_IOD3_E010
IO-all-DCM-20-180-00_bin-66	TOPAZ_IOD3_E011
IO-all-DCM-20-180-00_bin-74	TOPAZ_IOD3_E012
IO-all-DCM-20-180-00_bin-84	TOPAZ_IOD3_E013
IO-all-DCM-20-180-00_bin-97	TOPAZ_IOD3_E014
IO-all-SRF-20-180-00_bin-10	TOPAZ_IOS3_E001
IO-all-SRF-20-180-00_bin-109	TOPAZ_IOS3_E002
IO-all-SRF-20-180-00_bin-115	TOPAZ_IOS3_E003
IO-all-SRF-20-180-00_bin-119	TOPAZ_IOS3_E004
IO-all-SRF-20-180-00_bin-121	TOPAZ_IOS3_E005
IO-all-SRF-20-180-00_bin-128	TOPAZ_IOS3_E006
IO-all-SRF-20-180-00_bin-131	TOPAZ_IOS3_E007
IO-all-SRF-20-180-00_bin-144	TOPAZ_IOS3_E008
IO-all-SRF-20-180-00_bin-23	TOPAZ_IOS3_E009
IO-all-SRF-20-180-00_bin-26	TOPAZ_IOS3_E010
IO-all-SRF-20-180-00_bin-30	TOPAZ_IOS3_E011
IO-all-SRF-20-180-00_bin-36	TOPAZ_IOS3_E012
IO-all-SRF-20-180-00_bin-38	TOPAZ_IOS3_E013
IO-all-SRF-20-180-00_bin-40	TOPAZ_IOS3_E014
IO-all-SRF-20-180-00_bin-43	TOPAZ_IOS3_E015
IO-all-SRF-20-180-00_bin-53	TOPAZ_IOS3_E016
IO-all-SRF-20-180-00_bin-66	TOPAZ_IOS3_E017
IO-all-SRF-20-180-00_bin-67	TOPAZ_IOS3_E018
IO-all-SRF-20-180-00_bin-71	TOPAZ_IOS3_E019
IO-all-SRF-20-180-00_bin-73	TOPAZ_IOS3_E020
IO-all-SRF-20-180-00_bin-79	TOPAZ_IOS3_E021
IO-all-SRF-20-180-00_bin-82	TOPAZ_IOS3_E022
IO-all-SRF-20-180-00_bin-89	TOPAZ_IOS3_E023
IO-all-SRF-20-180-00_bin-92	TOPAZ_IOS3_E024
IO-all-SRF-20-180-00_bin-97	TOPAZ_IOS3_E025
IO-all-DCM-5-20-00_bin-11	TOPAZ_IOD2_E001
IO-all-DCM-5-20-00_bin-2	TOPAZ_IOD2_E002
IO-all-SRF-5-20-00_bin-101	TOPAZ_IOS2_E001
IO-all-SRF-5-20-00_bin-121	TOPAZ_IOS2_E002
IO-all-SRF-5-20-00_bin-128	TOPAZ_IOS2_E003
IO-all-SRF-5-20-00_bin-49	TOPAZ_IOS2_E004
IO-all-SRF-5-20-00_bin-60	TOPAZ_IOS2_E005
IO-all-SRF-5-20-00_bin-65	TOPAZ_IOS2_E006
IO-all-SRF-5-20-00_bin-71	TOPAZ_IOS2_E007
IO-all-SRF-5-20-00_bin-74	TOPAZ_IOS2_E008
MS-all-DCM-0-8-5-00_bin-10	TOPAZ_MSD1_E001
MS-all-DCM-0-8-5-00_bin-147	TOPAZ_MSD1_E002
MS-all-DCM-0-8-5-00_bin-224	TOPAZ_MSD1_E003
MS-all-DCM-0-8-5-00_bin-256	TOPAZ_MSD1_E004
MS-all-DCM-0-8-5-00_bin-257	TOPAZ_MSD1_E005
MS-all-DCM-0-8-5-00_bin-273	TOPAZ_MSD1_E006
MS-all-DCM-0-8-5-00_bin-290	TOPAZ_MSD1_E007
MS-all-DCM-0-8-5-00_bin-318	TOPAZ_MSD1_E008
MS-all-DCM-0-8-5-00_bin-320	TOPAZ_MSD1_E009
MS-all-DCM-0-8-5-00_bin-322	TOPAZ_MSD1_E010
MS-all-DCM-0-8-5-00_bin-323	TOPAZ_MSD1_E011
MS-all-DCM-0-8-5-00_bin-366	TOPAZ_MSD1_E012
MS-all-DCM-0-8-5-00_bin-442	TOPAZ_MSD1_E013
MS-all-DCM-0-8-5-00_bin-53	TOPAZ_MSD1_E014
MS-all-DCM-0-8-5-00_bin-612	TOPAZ_MSD1_E015
MS-all-DCM-0-8-5-00_bin-636	TOPAZ_MSD1_E016
MS-all-DCM-0-8-5-00_bin-676	TOPAZ_MSD1_E017
MS-all-DCM-0-8-5-00_bin-94	TOPAZ_MSD1_E018
MS-all-SRF-0-8-5-00_bin-123	TOPAZ_MSS1_E001
MS-all-SRF-0-8-5-00_bin-125	TOPAZ_MSS1_E002
MS-all-SRF-0-8-5-00_bin-131	TOPAZ_MSS1_E003
MS-all-SRF-0-8-5-00_bin-158	TOPAZ_MSS1_E004
MS-all-SRF-0-8-5-00_bin-16	TOPAZ_MSS1_E005
MS-all-SRF-0-8-5-00_bin-161	TOPAZ_MSS1_E006
MS-all-SRF-0-8-5-00_bin-172	TOPAZ_MSS1_E007
MS-all-SRF-0-8-5-00_bin-196	TOPAZ_MSS1_E008
MS-all-SRF-0-8-5-00_bin-198	TOPAZ_MSS1_E009
MS-all-SRF-0-8-5-00_bin-226	TOPAZ_MSS1_E010
MS-all-SRF-0-8-5-00_bin-250	TOPAZ_MSS1_E011
MS-all-SRF-0-8-5-00_bin-251	TOPAZ_MSS1_E012
MS-all-SRF-0-8-5-00_bin-263	TOPAZ_MSS1_E013
MS-all-SRF-0-8-5-00_bin-298	TOPAZ_MSS1_E014
MS-all-SRF-0-8-5-00_bin-310	TOPAZ_MSS1_E015
MS-all-SRF-0-8-5-00_bin-318	TOPAZ_MSS1_E016
MS-all-SRF-0-8-5-00_bin-333	TOPAZ_MSS1_E017
MS-all-SRF-0-8-5-00_bin-405	TOPAZ_MSS1_E018
MS-all-SRF-0-8-5-00_bin-410	TOPAZ_MSS1_E019
MS-all-SRF-0-8-5-00_bin-425	TOPAZ_MSS1_E020
MS-all-SRF-0-8-5-00_bin-426	TOPAZ_MSS1_E021
MS-all-SRF-0-8-5-00_bin-464	TOPAZ_MSS1_E022
MS-all-SRF-0-8-5-00_bin-479	TOPAZ_MSS1_E023
MS-all-SRF-0-8-5-00_bin-542	TOPAZ_MSS1_E024
MS-all-SRF-0-8-5-00_bin-580	TOPAZ_MSS1_E025
MS-all-SRF-0-8-5-00_bin-582	TOPAZ_MSS1_E026
MS-all-SRF-0-8-5-00_bin-584	TOPAZ_MSS1_E027
MS-all-SRF-0-8-5-00_bin-588	TOPAZ_MSS1_E028
MS-all-SRF-0-8-5-00_bin-630	TOPAZ_MSS1_E029
MS-all-SRF-0-8-5-00_bin-661	TOPAZ_MSS1_E030
MS-all-SRF-0-8-5-00_bin-677	TOPAZ_MSS1_E031
MS-all-SRF-0-8-5-00_bin-93	TOPAZ_MSS1_E032
MS-all-DCM-180-2000-00_bin-14	TOPAZ_MSD4_E001
MS-all-DCM-180-2000-00_bin-15	TOPAZ_MSD4_E002
MS-all-DCM-180-2000-00_bin-18	TOPAZ_MSD4_E003
MS-all-DCM-180-2000-00_bin-37	TOPAZ_MSD4_E004
MS-all-DCM-180-2000-00_bin-45	TOPAZ_MSD4_E005
MS-all-SRF-180-2000-00_bin-103	TOPAZ_MSS4_E001
MS-all-SRF-180-2000-00_bin-111	TOPAZ_MSS4_E002
MS-all-SRF-180-2000-00_bin-24	TOPAZ_MSS4_E003
MS-all-SRF-180-2000-00_bin-26	TOPAZ_MSS4_E004
MS-all-SRF-180-2000-00_bin-27	TOPAZ_MSS4_E005
MS-all-SRF-180-2000-00_bin-37	TOPAZ_MSS4_E006
MS-all-SRF-180-2000-00_bin-53	TOPAZ_MSS4_E007
MS-all-SRF-180-2000-00_bin-76	TOPAZ_MSS4_E008
MS-all-SRF-180-2000-00_bin-8	TOPAZ_MSS4_E009
MS-all-SRF-180-2000-00_bin-83	TOPAZ_MSS4_E010
MS-all-SRF-180-2000-00_bin-86	TOPAZ_MSS4_E011
MS-all-SRF-180-2000-00_bin-92	TOPAZ_MSS4_E012
MS-all-SRF-180-2000-00_bin-95	TOPAZ_MSS4_E013
MS-all-DCM-20-180-00_bin-15	TOPAZ_MSD3_E001
MS-all-DCM-20-180-00_bin-25	TOPAZ_MSD3_E002
MS-all-DCM-20-180-00_bin-3	TOPAZ_MSD3_E003
MS-all-DCM-20-180-00_bin-38	TOPAZ_MSD3_E004
MS-all-DCM-20-180-00_bin-41	TOPAZ_MSD3_E005
MS-all-DCM-20-180-00_bin-45	TOPAZ_MSD3_E006
MS-all-DCM-20-180-00_bin-72	TOPAZ_MSD3_E007
MS-all-DCM-20-180-00_bin-84	TOPAZ_MSD3_E008
MS-all-SRF-20-180-00_bin-10	TOPAZ_MSS3_E001
MS-all-SRF-20-180-00_bin-12	TOPAZ_MSS3_E002
MS-all-SRF-20-180-00_bin-18	TOPAZ_MSS3_E003
MS-all-SRF-20-180-00_bin-23	TOPAZ_MSS3_E004
MS-all-SRF-20-180-00_bin-24	TOPAZ_MSS3_E005
MS-all-SRF-20-180-00_bin-27	TOPAZ_MSS3_E006
MS-all-SRF-20-180-00_bin-36	TOPAZ_MSS3_E007
MS-all-SRF-20-180-00_bin-4	TOPAZ_MSS3_E008
MS-all-SRF-20-180-00_bin-42	TOPAZ_MSS3_E009
MS-all-SRF-20-180-00_bin-44	TOPAZ_MSS3_E010
MS-all-SRF-20-180-00_bin-58	TOPAZ_MSS3_E011
MS-all-SRF-20-180-00_bin-6	TOPAZ_MSS3_E012
MS-all-SRF-20-180-00_bin-65	TOPAZ_MSS3_E013
MS-all-SRF-20-180-00_bin-70	TOPAZ_MSS3_E014
MS-all-SRF-20-180-00_bin-80	TOPAZ_MSS3_E015
MS-all-SRF-20-180-00_bin-81	TOPAZ_MSS3_E016
MS-all-SRF-20-180-00_bin-86	TOPAZ_MSS3_E017
MS-all-SRF-20-180-00_bin-87	TOPAZ_MSS3_E018
MS-all-SRF-20-180-00_bin-94	TOPAZ_MSS3_E019
MS-all-SRF-20-180-00_bin-98	TOPAZ_MSS3_E020
MS-all-SRF-20-180-00_bin-99	TOPAZ_MSS3_E021
MS-all-DCM-5-20-00_bin-19	TOPAZ_MSD2_E001
MS-all-DCM-5-20-00_bin-24	TOPAZ_MSD2_E002
MS-all-DCM-5-20-00_bin-31	TOPAZ_MSD2_E003
MS-all-DCM-5-20-00_bin-7	TOPAZ_MSD2_E004
MS-all-SRF-5-20-00_bin-10	TOPAZ_MSS2_E001
MS-all-SRF-5-20-00_bin-24	TOPAZ_MSS2_E002
MS-all-SRF-5-20-00_bin-35	TOPAZ_MSS2_E003
MS-all-SRF-5-20-00_bin-53	TOPAZ_MSS2_E004
MS-all-SRF-5-20-00_bin-56	TOPAZ_MSS2_E005
MS-all-SRF-5-20-00_bin-9	TOPAZ_MSS2_E006
MS-all-SRF-5-20-00_bin-93	TOPAZ_MSS2_E007
MS-all-SRF-5-20-00_bin-96	TOPAZ_MSS2_E008
NAO-all-DCM-0-8-5-00_bin-110	TOPAZ_NAD1_E001
NAO-all-DCM-0-8-5-00_bin-13	TOPAZ_NAD1_E002
NAO-all-DCM-0-8-5-00_bin-131	TOPAZ_NAD1_E003
NAO-all-DCM-0-8-5-00_bin-14	TOPAZ_NAD1_E004
NAO-all-DCM-0-8-5-00_bin-160	TOPAZ_NAD1_E005
NAO-all-DCM-0-8-5-00_bin-171	TOPAZ_NAD1_E006
NAO-all-DCM-0-8-5-00_bin-243	TOPAZ_NAD1_E007
NAO-all-DCM-0-8-5-00_bin-34	TOPAZ_NAD1_E008
NAO-all-DCM-0-8-5-00_bin-38	TOPAZ_NAD1_E009
NAO-all-DCM-0-8-5-00_bin-69	TOPAZ_NAD1_E010
NAO-all-DCM-0-8-5-00_bin-77	TOPAZ_NAD1_E011
NAO-all-MES-0-8-5-00_bin-268	TOPAZ_NAM1_E001
NAO-all-MES-0-8-5-00_bin-290	TOPAZ_NAM1_E002
NAO-all-MES-0-8-5-00_bin-372	TOPAZ_NAM1_E003
NAO-all-MES-0-8-5-00_bin-73	TOPAZ_NAM1_E004
NAO-all-MIX-0-8-5-00_bin-111	TOPAZ_NAX1_E001
NAO-all-MIX-0-8-5-00_bin-117	TOPAZ_NAX1_E002
NAO-all-MIX-0-8-5-00_bin-124	TOPAZ_NAX1_E003
NAO-all-MIX-0-8-5-00_bin-130	TOPAZ_NAX1_E004
NAO-all-MIX-0-8-5-00_bin-132	TOPAZ_NAX1_E005
NAO-all-MIX-0-8-5-00_bin-142	TOPAZ_NAX1_E006
NAO-all-MIX-0-8-5-00_bin-144	TOPAZ_NAX1_E007
NAO-all-MIX-0-8-5-00_bin-161	TOPAZ_NAX1_E008
NAO-all-MIX-0-8-5-00_bin-163	TOPAZ_NAX1_E009
NAO-all-MIX-0-8-5-00_bin-168	TOPAZ_NAX1_E010
NAO-all-MIX-0-8-5-00_bin-170	TOPAZ_NAX1_E011
NAO-all-MIX-0-8-5-00_bin-174	TOPAZ_NAX1_E012
NAO-all-MIX-0-8-5-00_bin-192	TOPAZ_NAX1_E013
NAO-all-MIX-0-8-5-00_bin-193	TOPAZ_NAX1_E014
NAO-all-MIX-0-8-5-00_bin-204	TOPAZ_NAX1_E015
NAO-all-MIX-0-8-5-00_bin-238	TOPAZ_NAX1_E016
NAO-all-MIX-0-8-5-00_bin-258	TOPAZ_NAX1_E017
NAO-all-MIX-0-8-5-00_bin-271	TOPAZ_NAX1_E018
NAO-all-MIX-0-8-5-00_bin-275	TOPAZ_NAX1_E019
NAO-all-MIX-0-8-5-00_bin-276	TOPAZ_NAX1_E020
NAO-all-MIX-0-8-5-00_bin-279	TOPAZ_NAX1_E021
NAO-all-MIX-0-8-5-00_bin-34	TOPAZ_NAX1_E022
NAO-all-MIX-0-8-5-00_bin-39	TOPAZ_NAX1_E023
NAO-all-MIX-0-8-5-00_bin-96	TOPAZ_NAX1_E024
NAO-all-SRF-0-8-5-00_bin-120	TOPAZ_NAS1_E001
NAO-all-SRF-0-8-5-00_bin-127	TOPAZ_NAS1_E002
NAO-all-SRF-0-8-5-00_bin-142	TOPAZ_NAS1_E003
NAO-all-SRF-0-8-5-00_bin-143	TOPAZ_NAS1_E004
NAO-all-SRF-0-8-5-00_bin-152	TOPAZ_NAS1_E005
NAO-all-SRF-0-8-5-00_bin-167	TOPAZ_NAS1_E006
NAO-all-SRF-0-8-5-00_bin-169	TOPAZ_NAS1_E007
NAO-all-SRF-0-8-5-00_bin-17	TOPAZ_NAS1_E008
NAO-all-SRF-0-8-5-00_bin-23	TOPAZ_NAS1_E009
NAO-all-SRF-0-8-5-00_bin-230	TOPAZ_NAS1_E010
NAO-all-SRF-0-8-5-00_bin-231	TOPAZ_NAS1_E011
NAO-all-SRF-0-8-5-00_bin-253	TOPAZ_NAS1_E012
NAO-all-SRF-0-8-5-00_bin-273	TOPAZ_NAS1_E013
NAO-all-SRF-0-8-5-00_bin-289	TOPAZ_NAS1_E014
NAO-all-SRF-0-8-5-00_bin-297	TOPAZ_NAS1_E015
NAO-all-SRF-0-8-5-00_bin-300	TOPAZ_NAS1_E016
NAO-all-SRF-0-8-5-00_bin-307	TOPAZ_NAS1_E017
NAO-all-SRF-0-8-5-00_bin-316	TOPAZ_NAS1_E018
NAO-all-SRF-0-8-5-00_bin-320	TOPAZ_NAS1_E019
NAO-all-SRF-0-8-5-00_bin-334	TOPAZ_NAS1_E020
NAO-all-SRF-0-8-5-00_bin-339	TOPAZ_NAS1_E021
NAO-all-SRF-0-8-5-00_bin-366	TOPAZ_NAS1_E022
NAO-all-SRF-0-8-5-00_bin-380	TOPAZ_NAS1_E023
NAO-all-SRF-0-8-5-00_bin-411	TOPAZ_NAS1_E024
NAO-all-SRF-0-8-5-00_bin-419	TOPAZ_NAS1_E025
NAO-all-SRF-0-8-5-00_bin-499	TOPAZ_NAS1_E026
NAO-all-SRF-0-8-5-00_bin-507	TOPAZ_NAS1_E027
NAO-all-SRF-0-8-5-00_bin-516	TOPAZ_NAS1_E028
NAO-all-SRF-0-8-5-00_bin-523	TOPAZ_NAS1_E029
NAO-all-SRF-0-8-5-00_bin-528	TOPAZ_NAS1_E030
NAO-all-SRF-0-8-5-00_bin-550	TOPAZ_NAS1_E031
NAO-all-SRF-0-8-5-00_bin-572	TOPAZ_NAS1_E032
NAO-all-SRF-0-8-5-00_bin-617	TOPAZ_NAS1_E033
NAO-all-SRF-0-8-5-00_bin-631	TOPAZ_NAS1_E034
NAO-all-SRF-0-8-5-00_bin-662	TOPAZ_NAS1_E035
NAO-all-SRF-0-8-5-00_bin-683	TOPAZ_NAS1_E036
NAO-all-SRF-0-8-5-00_bin-745	TOPAZ_NAS1_E037
NAO-all-SRF-0-8-5-00_bin-76	TOPAZ_NAS1_E038
NAO-all-SRF-0-8-5-00_bin-770	TOPAZ_NAS1_E039
NAO-all-SRF-0-8-5-00_bin-8	TOPAZ_NAS1_E040
NAO-all-MIX-180-2000-00_bin-12	TOPAZ_NAX4_E001
NAO-all-MIX-180-2000-00_bin-13	TOPAZ_NAX4_E002
NAO-all-MIX-180-2000-00_bin-8	TOPAZ_NAX4_E003
NAO-all-MIX-180-2000-00_bin-9	TOPAZ_NAX4_E004
NAO-all-SRF-180-2000-00_bin-100	TOPAZ_NAS4_E001
NAO-all-SRF-180-2000-00_bin-22	TOPAZ_NAS4_E002
NAO-all-SRF-180-2000-00_bin-24	TOPAZ_NAS4_E003
NAO-all-SRF-180-2000-00_bin-33	TOPAZ_NAS4_E004
NAO-all-SRF-180-2000-00_bin-49	TOPAZ_NAS4_E005
NAO-all-SRF-180-2000-00_bin-57	TOPAZ_NAS4_E006
NAO-all-SRF-180-2000-00_bin-59	TOPAZ_NAS4_E007
NAO-all-SRF-180-2000-00_bin-73	TOPAZ_NAS4_E008
NAO-all-SRF-180-2000-00_bin-77	TOPAZ_NAS4_E009
NAO-all-SRF-180-2000-00_bin-81	TOPAZ_NAS4_E010
NAO-all-SRF-180-2000-00_bin-87	TOPAZ_NAS4_E011
NAO-all-SRF-180-2000-00_bin-89	TOPAZ_NAS4_E012
NAO-all-SRF-180-2000-00_bin-94	TOPAZ_NAS4_E013
NAO-all-DCM-20-180-00_bin-1	TOPAZ_NAD3_E001
NAO-all-DCM-20-180-00_bin-17	TOPAZ_NAD3_E002
NAO-all-DCM-20-180-00_bin-19	TOPAZ_NAD3_E003
NAO-all-DCM-20-180-00_bin-2	TOPAZ_NAD3_E004
NAO-all-DCM-20-180-00_bin-20	TOPAZ_NAD3_E005
NAO-all-DCM-20-180-00_bin-23	TOPAZ_NAD3_E006
NAO-all-DCM-20-180-00_bin-25	TOPAZ_NAD3_E007
NAO-all-MIX-20-180-00_bin-13	TOPAZ_NAX3_E001
NAO-all-MIX-20-180-00_bin-17	TOPAZ_NAX3_E002
NAO-all-MIX-20-180-00_bin-20	TOPAZ_NAX3_E003
NAO-all-MIX-20-180-00_bin-24	TOPAZ_NAX3_E004
NAO-all-MIX-20-180-00_bin-28	TOPAZ_NAX3_E005
NAO-all-MIX-20-180-00_bin-35	TOPAZ_NAX3_E006
NAO-all-MIX-20-180-00_bin-37	TOPAZ_NAX3_E007
NAO-all-MIX-20-180-00_bin-57	TOPAZ_NAX3_E008
NAO-all-SRF-20-180-00_bin-15	TOPAZ_NAS3_E001
NAO-all-SRF-20-180-00_bin-19	TOPAZ_NAS3_E002
NAO-all-SRF-20-180-00_bin-32	TOPAZ_NAS3_E003
NAO-all-SRF-20-180-00_bin-39	TOPAZ_NAS3_E004
NAO-all-SRF-20-180-00_bin-40	TOPAZ_NAS3_E005
NAO-all-SRF-20-180-00_bin-41	TOPAZ_NAS3_E006
NAO-all-SRF-20-180-00_bin-42	TOPAZ_NAS3_E007
NAO-all-SRF-20-180-00_bin-44	TOPAZ_NAS3_E008
NAO-all-SRF-20-180-00_bin-6	TOPAZ_NAS3_E009
NAO-all-SRF-20-180-00_bin-67	TOPAZ_NAS3_E010
NAO-all-SRF-20-180-00_bin-71	TOPAZ_NAS3_E011
NAO-all-SRF-20-180-00_bin-8	TOPAZ_NAS3_E012
NAO-all-SRF-20-180-00_bin-82	TOPAZ_NAS3_E013
NAO-all-SRF-20-180-00_bin-84	TOPAZ_NAS3_E014
NAO-all-SRF-20-180-00_bin-85	TOPAZ_NAS3_E015
NAO-all-DCM-5-20-00_bin-19	TOPAZ_NAD2_E001
NAO-all-DCM-5-20-00_bin-6	TOPAZ_NAD2_E002
NAO-all-MIX-5-20-00_bin-30	TOPAZ_NAX2_E001
NAO-all-MIX-5-20-00_bin-5	TOPAZ_NAX2_E002
NAO-all-SRF-5-20-00_bin-25	TOPAZ_NAS2_E001
NAO-all-SRF-5-20-00_bin-26	TOPAZ_NAS2_E002
NAO-all-SRF-5-20-00_bin-3	TOPAZ_NAS2_E003
NAO-all-SRF-5-20-00_bin-30	TOPAZ_NAS2_E004
NAO-all-SRF-5-20-00_bin-31	TOPAZ_NAS2_E005
NPO-all-DCM-0-8-5-00_bin-17	TOPAZ_NPD1_E001
NPO-all-DCM-0-8-5-00_bin-211	TOPAZ_NPD1_E002
NPO-all-DCM-0-8-5-00_bin-223	TOPAZ_NPD1_E003
NPO-all-DCM-0-8-5-00_bin-237	TOPAZ_NPD1_E004
NPO-all-DCM-0-8-5-00_bin-249	TOPAZ_NPD1_E005
NPO-all-DCM-0-8-5-00_bin-298	TOPAZ_NPD1_E006
NPO-all-DCM-0-8-5-00_bin-310	TOPAZ_NPD1_E007
NPO-all-DCM-0-8-5-00_bin-316	TOPAZ_NPD1_E008
NPO-all-DCM-0-8-5-00_bin-379	TOPAZ_NPD1_E009
NPO-all-DCM-0-8-5-00_bin-38	TOPAZ_NPD1_E010
NPO-all-DCM-0-8-5-00_bin-390	TOPAZ_NPD1_E011
NPO-all-DCM-0-8-5-00_bin-411	TOPAZ_NPD1_E012
NPO-all-DCM-0-8-5-00_bin-431	TOPAZ_NPD1_E013
NPO-all-MES-0-8-5-00_bin-101	TOPAZ_NPM1_E001
NPO-all-MES-0-8-5-00_bin-163	TOPAZ_NPM1_E002
NPO-all-MES-0-8-5-00_bin-198	TOPAZ_NPM1_E003
NPO-all-SRF-0-8-5-00_bin-105	TOPAZ_NPS1_E001
NPO-all-SRF-0-8-5-00_bin-113	TOPAZ_NPS1_E002
NPO-all-SRF-0-8-5-00_bin-126	TOPAZ_NPS1_E003
NPO-all-SRF-0-8-5-00_bin-146	TOPAZ_NPS1_E004
NPO-all-SRF-0-8-5-00_bin-15	TOPAZ_NPS1_E005
NPO-all-SRF-0-8-5-00_bin-209	TOPAZ_NPS1_E006
NPO-all-SRF-0-8-5-00_bin-232	TOPAZ_NPS1_E007
NPO-all-SRF-0-8-5-00_bin-249	TOPAZ_NPS1_E008
NPO-all-SRF-0-8-5-00_bin-250	TOPAZ_NPS1_E009
NPO-all-SRF-0-8-5-00_bin-284	TOPAZ_NPS1_E010
NPO-all-SRF-0-8-5-00_bin-297	TOPAZ_NPS1_E011
NPO-all-SRF-0-8-5-00_bin-306	TOPAZ_NPS1_E012
NPO-all-SRF-0-8-5-00_bin-32	TOPAZ_NPS1_E013
NPO-all-SRF-0-8-5-00_bin-329	TOPAZ_NPS1_E014
NPO-all-SRF-0-8-5-00_bin-336	TOPAZ_NPS1_E015
NPO-all-SRF-0-8-5-00_bin-341	TOPAZ_NPS1_E016
NPO-all-SRF-0-8-5-00_bin-371	TOPAZ_NPS1_E017
NPO-all-SRF-0-8-5-00_bin-407	TOPAZ_NPS1_E018
NPO-all-SRF-0-8-5-00_bin-425	TOPAZ_NPS1_E019
NPO-all-SRF-0-8-5-00_bin-450	TOPAZ_NPS1_E020
NPO-all-SRF-0-8-5-00_bin-455	TOPAZ_NPS1_E021
NPO-all-SRF-0-8-5-00_bin-490	TOPAZ_NPS1_E022
NPO-all-SRF-0-8-5-00_bin-530	TOPAZ_NPS1_E023
NPO-all-SRF-0-8-5-00_bin-556	TOPAZ_NPS1_E024
NPO-all-SRF-0-8-5-00_bin-575	TOPAZ_NPS1_E025
NPO-all-SRF-0-8-5-00_bin-646	TOPAZ_NPS1_E026
NPO-all-SRF-180-2000-00_bin-11	TOPAZ_NPS4_E001
NPO-all-SRF-180-2000-00_bin-13	TOPAZ_NPS4_E002
NPO-all-SRF-180-2000-00_bin-18	TOPAZ_NPS4_E003
NPO-all-SRF-180-2000-00_bin-22	TOPAZ_NPS4_E004
NPO-all-SRF-180-2000-00_bin-24	TOPAZ_NPS4_E005
NPO-all-SRF-180-2000-00_bin-25	TOPAZ_NPS4_E006
NPO-all-SRF-180-2000-00_bin-29	TOPAZ_NPS4_E007
NPO-all-SRF-180-2000-00_bin-33	TOPAZ_NPS4_E008
NPO-all-SRF-180-2000-00_bin-49	TOPAZ_NPS4_E009
NPO-all-SRF-180-2000-00_bin-5	TOPAZ_NPS4_E010
NPO-all-SRF-180-2000-00_bin-9	TOPAZ_NPS4_E011
NPO-all-DCM-20-180-00_bin-13	TOPAZ_NPD3_E001
NPO-all-DCM-20-180-00_bin-2	TOPAZ_NPD3_E002
NPO-all-DCM-20-180-00_bin-21	TOPAZ_NPD3_E003
NPO-all-DCM-20-180-00_bin-25	TOPAZ_NPD3_E004
NPO-all-DCM-20-180-00_bin-26	TOPAZ_NPD3_E005
NPO-all-DCM-20-180-00_bin-29	TOPAZ_NPD3_E006
NPO-all-DCM-20-180-00_bin-3	TOPAZ_NPD3_E007
NPO-all-DCM-20-180-00_bin-33	TOPAZ_NPD3_E008
NPO-all-DCM-20-180-00_bin-34	TOPAZ_NPD3_E009
NPO-all-DCM-20-180-00_bin-38	TOPAZ_NPD3_E010
NPO-all-DCM-20-180-00_bin-47	TOPAZ_NPD3_E011
NPO-all-DCM-20-180-00_bin-49	TOPAZ_NPD3_E012
NPO-all-DCM-20-180-00_bin-55	TOPAZ_NPD3_E013
NPO-all-DCM-20-180-00_bin-58	TOPAZ_NPD3_E014
NPO-all-DCM-20-180-00_bin-60	TOPAZ_NPD3_E015
NPO-all-DCM-20-180-00_bin-69	TOPAZ_NPD3_E016
NPO-all-DCM-20-180-00_bin-73	TOPAZ_NPD3_E017
NPO-all-DCM-20-180-00_bin-74	TOPAZ_NPD3_E018
NPO-all-SRF-20-180-00_bin-1	TOPAZ_NPS3_E001
NPO-all-SRF-20-180-00_bin-17	TOPAZ_NPS3_E002
NPO-all-SRF-20-180-00_bin-18	TOPAZ_NPS3_E003
NPO-all-SRF-20-180-00_bin-23	TOPAZ_NPS3_E004
NPO-all-SRF-20-180-00_bin-24	TOPAZ_NPS3_E005
NPO-all-SRF-20-180-00_bin-25	TOPAZ_NPS3_E006
NPO-all-SRF-20-180-00_bin-31	TOPAZ_NPS3_E007
NPO-all-SRF-20-180-00_bin-32	TOPAZ_NPS3_E008
NPO-all-SRF-20-180-00_bin-41	TOPAZ_NPS3_E009
NPO-all-SRF-20-180-00_bin-43	TOPAZ_NPS3_E010
NPO-all-SRF-20-180-00_bin-46	TOPAZ_NPS3_E011
NPO-all-SRF-20-180-00_bin-48	TOPAZ_NPS3_E012
NPO-all-SRF-20-180-00_bin-49	TOPAZ_NPS3_E013
NPO-all-SRF-20-180-00_bin-72	TOPAZ_NPS3_E014
NPO-all-SRF-20-180-00_bin-73	TOPAZ_NPS3_E015
NPO-all-SRF-20-180-00_bin-76	TOPAZ_NPS3_E016
NPO-all-SRF-20-180-00_bin-78	TOPAZ_NPS3_E017
NPO-all-SRF-20-180-00_bin-8	TOPAZ_NPS3_E018
NPO-all-SRF-20-180-00_bin-81	TOPAZ_NPS3_E019
NPO-all-SRF-20-180-00_bin-84	TOPAZ_NPS3_E020
NPO-all-SRF-20-180-00_bin-86	TOPAZ_NPS3_E021
NPO-all-DCM-5-20-00_bin-24	TOPAZ_NPD2_E001
NPO-all-DCM-5-20-00_bin-42	TOPAZ_NPD2_E002
NPO-all-SRF-5-20-00_bin-19	TOPAZ_NPS2_E001
NPO-all-SRF-5-20-00_bin-20	TOPAZ_NPS2_E002
NPO-all-SRF-5-20-00_bin-29	TOPAZ_NPS2_E003
NPO-all-SRF-5-20-00_bin-46	TOPAZ_NPS2_E004
NPO-all-SRF-5-20-00_bin-47	TOPAZ_NPS2_E005
NPO-all-SRF-5-20-00_bin-9	TOPAZ_NPS2_E006
RS-all-DCM-0-8-5-00_bin-46	TOPAZ_RSD1_E001
RS-all-SRF-0-8-5-00_bin-105	TOPAZ_RSS1_E001
RS-all-SRF-0-8-5-00_bin-17	TOPAZ_RSS1_E002
RS-all-SRF-0-8-5-00_bin-32	TOPAZ_RSS1_E003
RS-all-SRF-0-8-5-00_bin-39	TOPAZ_RSS1_E004
RS-all-SRF-0-8-5-00_bin-50	TOPAZ_RSS1_E005
RS-all-SRF-0-8-5-00_bin-55	TOPAZ_RSS1_E006
RS-all-SRF-0-8-5-00_bin-7	TOPAZ_RSS1_E007
RS-all-SRF-0-8-5-00_bin-83	TOPAZ_RSS1_E008
RS-all-SRF-180-2000-00_bin-15	TOPAZ_RSS4_E001
RS-all-SRF-180-2000-00_bin-3	TOPAZ_RSS4_E002
RS-all-SRF-180-2000-00_bin-8	TOPAZ_RSS4_E003
RS-all-SRF-180-2000-00_bin-9	TOPAZ_RSS4_E004
RS-all-DCM-20-180-00_bin-3	TOPAZ_RSD3_E001
RS-all-SRF-20-180-00_bin-1	TOPAZ_RSS3_E001
RS-all-SRF-20-180-00_bin-10	TOPAZ_RSS3_E002
RS-all-SRF-20-180-00_bin-16	TOPAZ_RSS3_E003
RS-all-SRF-20-180-00_bin-19	TOPAZ_RSS3_E004
RS-all-SRF-20-180-00_bin-20	TOPAZ_RSS3_E005
RS-all-SRF-20-180-00_bin-21	TOPAZ_RSS3_E006
RS-all-SRF-20-180-00_bin-27	TOPAZ_RSS3_E007
RS-all-SRF-20-180-00_bin-29	TOPAZ_RSS3_E008
RS-all-SRF-20-180-00_bin-30	TOPAZ_RSS3_E009
RS-all-SRF-20-180-00_bin-8	TOPAZ_RSS3_E010
SAO-all-DCM-0-8-5-00_bin-159	TOPAZ_SAD1_E001
SAO-all-DCM-0-8-5-00_bin-160	TOPAZ_SAD1_E002
SAO-all-DCM-0-8-5-00_bin-181	TOPAZ_SAD1_E003
SAO-all-DCM-0-8-5-00_bin-182	TOPAZ_SAD1_E004
SAO-all-DCM-0-8-5-00_bin-191	TOPAZ_SAD1_E005
SAO-all-DCM-0-8-5-00_bin-2	TOPAZ_SAD1_E006
SAO-all-DCM-0-8-5-00_bin-200	TOPAZ_SAD1_E007
SAO-all-DCM-0-8-5-00_bin-207	TOPAZ_SAD1_E008
SAO-all-DCM-0-8-5-00_bin-218	TOPAZ_SAD1_E009
SAO-all-DCM-0-8-5-00_bin-245	TOPAZ_SAD1_E010
SAO-all-DCM-0-8-5-00_bin-248	TOPAZ_SAD1_E011
SAO-all-DCM-0-8-5-00_bin-253	TOPAZ_SAD1_E012
SAO-all-DCM-0-8-5-00_bin-271	TOPAZ_SAD1_E013
SAO-all-DCM-0-8-5-00_bin-282	TOPAZ_SAD1_E014
SAO-all-DCM-0-8-5-00_bin-294	TOPAZ_SAD1_E015
SAO-all-DCM-0-8-5-00_bin-320	TOPAZ_SAD1_E016
SAO-all-DCM-0-8-5-00_bin-322	TOPAZ_SAD1_E017
SAO-all-DCM-0-8-5-00_bin-343	TOPAZ_SAD1_E018
SAO-all-DCM-0-8-5-00_bin-350	TOPAZ_SAD1_E019
SAO-all-DCM-0-8-5-00_bin-354	TOPAZ_SAD1_E020
SAO-all-DCM-0-8-5-00_bin-37	TOPAZ_SAD1_E021
SAO-all-DCM-0-8-5-00_bin-388	TOPAZ_SAD1_E022
SAO-all-DCM-0-8-5-00_bin-409	TOPAZ_SAD1_E023
SAO-all-DCM-0-8-5-00_bin-418	TOPAZ_SAD1_E024
SAO-all-DCM-0-8-5-00_bin-428	TOPAZ_SAD1_E025
SAO-all-DCM-0-8-5-00_bin-43	TOPAZ_SAD1_E026
SAO-all-DCM-0-8-5-00_bin-431	TOPAZ_SAD1_E027
SAO-all-DCM-0-8-5-00_bin-433	TOPAZ_SAD1_E028
SAO-all-DCM-0-8-5-00_bin-440	TOPAZ_SAD1_E029
SAO-all-DCM-0-8-5-00_bin-441	TOPAZ_SAD1_E030
SAO-all-DCM-0-8-5-00_bin-447	TOPAZ_SAD1_E031
SAO-all-DCM-0-8-5-00_bin-465	TOPAZ_SAD1_E032
SAO-all-DCM-0-8-5-00_bin-481	TOPAZ_SAD1_E033
SAO-all-DCM-0-8-5-00_bin-516	TOPAZ_SAD1_E034
SAO-all-DCM-0-8-5-00_bin-517	TOPAZ_SAD1_E035
SAO-all-DCM-0-8-5-00_bin-536	TOPAZ_SAD1_E036
SAO-all-DCM-0-8-5-00_bin-539	TOPAZ_SAD1_E037
SAO-all-DCM-0-8-5-00_bin-540	TOPAZ_SAD1_E038
SAO-all-DCM-0-8-5-00_bin-556	TOPAZ_SAD1_E039
SAO-all-DCM-0-8-5-00_bin-564	TOPAZ_SAD1_E040
SAO-all-DCM-0-8-5-00_bin-587	TOPAZ_SAD1_E041
SAO-all-DCM-0-8-5-00_bin-588	TOPAZ_SAD1_E042
SAO-all-DCM-0-8-5-00_bin-594	TOPAZ_SAD1_E043
SAO-all-DCM-0-8-5-00_bin-60	TOPAZ_SAD1_E044
SAO-all-DCM-0-8-5-00_bin-62	TOPAZ_SAD1_E045
SAO-all-DCM-0-8-5-00_bin-75	TOPAZ_SAD1_E046
SAO-all-MES-0-8-5-00_bin-104	TOPAZ_SAM1_E001
SAO-all-MES-0-8-5-00_bin-134	TOPAZ_SAM1_E002
SAO-all-MES-0-8-5-00_bin-141	TOPAZ_SAM1_E003
SAO-all-MES-0-8-5-00_bin-166	TOPAZ_SAM1_E004
SAO-all-MES-0-8-5-00_bin-199	TOPAZ_SAM1_E005
SAO-all-MES-0-8-5-00_bin-71	TOPAZ_SAM1_E006
SAO-all-MES-0-8-5-00_bin-84	TOPAZ_SAM1_E007
SAO-all-MES-0-8-5-00_bin-99	TOPAZ_SAM1_E008
SAO-all-SRF-0-8-5-00_bin-105	TOPAZ_SAS1_E001
SAO-all-SRF-0-8-5-00_bin-11	TOPAZ_SAS1_E002
SAO-all-SRF-0-8-5-00_bin-111	TOPAZ_SAS1_E003
SAO-all-SRF-0-8-5-00_bin-141	TOPAZ_SAS1_E004
SAO-all-SRF-0-8-5-00_bin-171	TOPAZ_SAS1_E005
SAO-all-SRF-0-8-5-00_bin-195	TOPAZ_SAS1_E006
SAO-all-SRF-0-8-5-00_bin-200	TOPAZ_SAS1_E007
SAO-all-SRF-0-8-5-00_bin-212	TOPAZ_SAS1_E008
SAO-all-SRF-0-8-5-00_bin-241	TOPAZ_SAS1_E009
SAO-all-SRF-0-8-5-00_bin-26	TOPAZ_SAS1_E010
SAO-all-SRF-0-8-5-00_bin-266	TOPAZ_SAS1_E011
SAO-all-SRF-0-8-5-00_bin-284	TOPAZ_SAS1_E012
SAO-all-SRF-0-8-5-00_bin-290	TOPAZ_SAS1_E013
SAO-all-SRF-0-8-5-00_bin-297	TOPAZ_SAS1_E014
SAO-all-SRF-0-8-5-00_bin-32	TOPAZ_SAS1_E015
SAO-all-SRF-0-8-5-00_bin-325	TOPAZ_SAS1_E016
SAO-all-SRF-0-8-5-00_bin-327	TOPAZ_SAS1_E017
SAO-all-SRF-0-8-5-00_bin-333	TOPAZ_SAS1_E018
SAO-all-SRF-0-8-5-00_bin-34	TOPAZ_SAS1_E019
SAO-all-SRF-0-8-5-00_bin-366	TOPAZ_SAS1_E020
SAO-all-SRF-0-8-5-00_bin-414	TOPAZ_SAS1_E021
SAO-all-SRF-0-8-5-00_bin-42	TOPAZ_SAS1_E022
SAO-all-SRF-0-8-5-00_bin-459	TOPAZ_SAS1_E023
SAO-all-SRF-0-8-5-00_bin-465	TOPAZ_SAS1_E024
SAO-all-SRF-0-8-5-00_bin-484	TOPAZ_SAS1_E025
SAO-all-SRF-0-8-5-00_bin-49	TOPAZ_SAS1_E026
SAO-all-SRF-0-8-5-00_bin-506	TOPAZ_SAS1_E027
SAO-all-SRF-0-8-5-00_bin-538	TOPAZ_SAS1_E028
SAO-all-SRF-0-8-5-00_bin-545	TOPAZ_SAS1_E029
SAO-all-SRF-0-8-5-00_bin-546	TOPAZ_SAS1_E030
SAO-all-SRF-0-8-5-00_bin-559	TOPAZ_SAS1_E031
SAO-all-SRF-0-8-5-00_bin-566	TOPAZ_SAS1_E032
SAO-all-SRF-0-8-5-00_bin-575	TOPAZ_SAS1_E033
SAO-all-SRF-0-8-5-00_bin-583	TOPAZ_SAS1_E034
SAO-all-SRF-0-8-5-00_bin-59	TOPAZ_SAS1_E035
SAO-all-SRF-0-8-5-00_bin-590	TOPAZ_SAS1_E036
SAO-all-SRF-0-8-5-00_bin-592	TOPAZ_SAS1_E037
SAO-all-SRF-0-8-5-00_bin-611	TOPAZ_SAS1_E038
SAO-all-SRF-0-8-5-00_bin-618	TOPAZ_SAS1_E039
SAO-all-SRF-0-8-5-00_bin-628	TOPAZ_SAS1_E040
SAO-all-SRF-0-8-5-00_bin-71	TOPAZ_SAS1_E041
SAO-all-SRF-0-8-5-00_bin-75	TOPAZ_SAS1_E042
SAO-all-SRF-0-8-5-00_bin-77	TOPAZ_SAS1_E043
SAO-all-SRF-0-8-5-00_bin-87	TOPAZ_SAS1_E044
SAO-all-DCM-180-2000-00_bin-10	TOPAZ_SAD4_E001
SAO-all-DCM-180-2000-00_bin-12	TOPAZ_SAD4_E002
SAO-all-DCM-180-2000-00_bin-24	TOPAZ_SAD4_E003
SAO-all-SRF-180-2000-00_bin-19	TOPAZ_SAS4_E001
SAO-all-SRF-180-2000-00_bin-28	TOPAZ_SAS4_E002
SAO-all-SRF-180-2000-00_bin-31	TOPAZ_SAS4_E003
SAO-all-SRF-180-2000-00_bin-33	TOPAZ_SAS4_E004
SAO-all-SRF-180-2000-00_bin-37	TOPAZ_SAS4_E005
SAO-all-SRF-180-2000-00_bin-47	TOPAZ_SAS4_E006
SAO-all-SRF-180-2000-00_bin-9	TOPAZ_SAS4_E007
SAO-all-DCM-20-180-00_bin-11	TOPAZ_SAD3_E001
SAO-all-DCM-20-180-00_bin-13	TOPAZ_SAD3_E002
SAO-all-DCM-20-180-00_bin-16	TOPAZ_SAD3_E003
SAO-all-DCM-20-180-00_bin-23	TOPAZ_SAD3_E004
SAO-all-DCM-20-180-00_bin-3	TOPAZ_SAD3_E005
SAO-all-DCM-20-180-00_bin-30	TOPAZ_SAD3_E006
SAO-all-SRF-20-180-00_bin-19	TOPAZ_SAS3_E001
SAO-all-SRF-20-180-00_bin-2	TOPAZ_SAS3_E002
SAO-all-SRF-20-180-00_bin-20	TOPAZ_SAS3_E003
SAO-all-SRF-20-180-00_bin-21	TOPAZ_SAS3_E004
SAO-all-SRF-20-180-00_bin-36	TOPAZ_SAS3_E005
SAO-all-SRF-20-180-00_bin-40	TOPAZ_SAS3_E006
SAO-all-SRF-20-180-00_bin-42	TOPAZ_SAS3_E007
SAO-all-SRF-20-180-00_bin-46	TOPAZ_SAS3_E008
SAO-all-SRF-20-180-00_bin-53	TOPAZ_SAS3_E009
SAO-all-SRF-20-180-00_bin-59	TOPAZ_SAS3_E010
SAO-all-SRF-20-180-00_bin-61	TOPAZ_SAS3_E011
SAO-all-SRF-20-180-00_bin-69	TOPAZ_SAS3_E012
SAO-all-SRF-20-180-00_bin-71	TOPAZ_SAS3_E013
SAO-all-SRF-20-180-00_bin-78	TOPAZ_SAS3_E014
SAO-all-SRF-20-180-00_bin-80	TOPAZ_SAS3_E015
SAO-all-SRF-5-20-00_bin-14	TOPAZ_SAS2_E001
SAO-all-SRF-5-20-00_bin-16	TOPAZ_SAS2_E002
SAO-all-SRF-5-20-00_bin-23	TOPAZ_SAS2_E003
SAO-all-SRF-5-20-00_bin-25	TOPAZ_SAS2_E004
SAO-all-SRF-5-20-00_bin-29	TOPAZ_SAS2_E005
SAO-all-SRF-5-20-00_bin-32	TOPAZ_SAS2_E006
SAO-all-SRF-5-20-00_bin-54	TOPAZ_SAS2_E007
SO-all-DCM-0-8-5-00_bin-34	TOPAZ_SOD1_E001
SO-all-DCM-0-8-5-00_bin-35	TOPAZ_SOD1_E002
SO-all-DCM-0-8-5-00_bin-36	TOPAZ_SOD1_E003
SO-all-DCM-0-8-5-00_bin-41	TOPAZ_SOD1_E004
SO-all-DCM-0-8-5-00_bin-49	TOPAZ_SOD1_E005
SO-all-DCM-0-8-5-00_bin-52	TOPAZ_SOD1_E006
SO-all-DCM-0-8-5-00_bin-59	TOPAZ_SOD1_E007
SO-all-DCM-0-8-5-00_bin-74	TOPAZ_SOD1_E008
SO-all-SRF-0-8-5-00_bin-110	TOPAZ_SOS1_E001
SO-all-SRF-0-8-5-00_bin-112	TOPAZ_SOS1_E002
SO-all-SRF-0-8-5-00_bin-20	TOPAZ_SOS1_E003
SO-all-SRF-0-8-5-00_bin-31	TOPAZ_SOS1_E004
SO-all-SRF-0-8-5-00_bin-39	TOPAZ_SOS1_E005
SO-all-SRF-0-8-5-00_bin-4	TOPAZ_SOS1_E006
SO-all-SRF-0-8-5-00_bin-43	TOPAZ_SOS1_E007
SO-all-SRF-0-8-5-00_bin-45	TOPAZ_SOS1_E008
SO-all-SRF-0-8-5-00_bin-50	TOPAZ_SOS1_E009
SO-all-SRF-0-8-5-00_bin-54	TOPAZ_SOS1_E010
SO-all-SRF-0-8-5-00_bin-63	TOPAZ_SOS1_E011
SO-all-SRF-0-8-5-00_bin-90	TOPAZ_SOS1_E012
SO-all-SRF-0-8-5-00_bin-97	TOPAZ_SOS1_E013
SO-all-DCM-180-2000-00_bin-1	TOPAZ_SOD4_E001
SO-all-DCM-180-2000-00_bin-14	TOPAZ_SOD4_E002
SO-all-DCM-180-2000-00_bin-17	TOPAZ_SOD4_E003
SO-all-DCM-180-2000-00_bin-6	TOPAZ_SOD4_E004
SO-all-SRF-180-2000-00_bin-3	TOPAZ_SOS4_E001
SO-all-SRF-180-2000-00_bin-8	TOPAZ_SOS4_E002
SO-all-SRF-20-180-00_bin-21	TOPAZ_SOS3_E001
SO-all-SRF-20-180-00_bin-23	TOPAZ_SOS3_E002
SO-all-SRF-20-180-00_bin-8	TOPAZ_SOS3_E003
SO-all-SRF-5-20-00_bin-17	TOPAZ_SOS2_E001
SO-all-SRF-5-20-00_bin-18	TOPAZ_SOS2_E002
SO-all-SRF-5-20-00_bin-34	TOPAZ_SOS2_E003
SO-all-SRF-5-20-00_bin-55	TOPAZ_SOS2_E004
SO-all-SRF-5-20-00_bin-63	TOPAZ_SOS2_E005
SPO-CHIL-DCM-0-8-5-00_bin-39	TOPAZ_SPD1_E001
SPO-CHIL-DCM-0-8-5-00_bin-46	TOPAZ_SPD1_E002
SPO-PEOD-DCM-0-8-5-00_bin-41	TOPAZ_SPD1_E003
SPO-PEOD-DCM-0-8-5-00_bin-54	TOPAZ_SPD1_E004
SPO-PEOD-DCM-0-8-5-00_bin-80	TOPAZ_SPD1_E005
SPO-SPSG-DCM-0-8-5-00_bin-150	TOPAZ_SPD1_E006
SPO-SPSG-DCM-0-8-5-00_bin-172	TOPAZ_SPD1_E007
SPO-SPSG-DCM-0-8-5-00_bin-173	TOPAZ_SPD1_E008
SPO-SPSG-DCM-0-8-5-00_bin-224	TOPAZ_SPD1_E009
SPO-SPSG-DCM-0-8-5-00_bin-88	TOPAZ_SPD1_E010
SPO-all-DCM-0-8-5-00_bin-127	TOPAZ_SPD1_E011
SPO-all-DCM-0-8-5-00_bin-138	TOPAZ_SPD1_E012
SPO-all-DCM-0-8-5-00_bin-206	TOPAZ_SPD1_E013
SPO-all-DCM-0-8-5-00_bin-208	TOPAZ_SPD1_E014
SPO-all-DCM-0-8-5-00_bin-251	TOPAZ_SPD1_E015
SPO-all-DCM-0-8-5-00_bin-275	TOPAZ_SPD1_E016
SPO-all-DCM-0-8-5-00_bin-332	TOPAZ_SPD1_E017
SPO-all-DCM-0-8-5-00_bin-35	TOPAZ_SPD1_E018
SPO-all-DCM-0-8-5-00_bin-501	TOPAZ_SPD1_E019
SPO-all-DCM-0-8-5-00_bin-527	TOPAZ_SPD1_E020
SPO-all-DCM-0-8-5-00_bin-542	TOPAZ_SPD1_E021
SPO-all-DCM-0-8-5-00_bin-566	TOPAZ_SPD1_E022
SPO-all-DCM-0-8-5-00_bin-575	TOPAZ_SPD1_E023
SPO-CHIL-MES-0-8-5-00_bin-22	TOPAZ_SPM1_E001
SPO-CHIL-MES-0-8-5-00_bin-26	TOPAZ_SPM1_E002
SPO-PEOD-MES-0-8-5-00_bin-1	TOPAZ_SPM1_E003
SPO-PEOD-MES-0-8-5-00_bin-17	TOPAZ_SPM1_E004
SPO-SPSG-MES-0-8-5-00_bin-179	TOPAZ_SPM1_E005
SPO-SPSG-MIX-0-8-5-00_bin-106	TOPAZ_SPX1_E001
SPO-SPSG-MIX-0-8-5-00_bin-132	TOPAZ_SPX1_E002
SPO-CHIL-SRF-0-8-5-00_bin-122	TOPAZ_SPS1_E001
SPO-CHIL-SRF-0-8-5-00_bin-134	TOPAZ_SPS1_E002
SPO-CHIL-SRF-0-8-5-00_bin-142	TOPAZ_SPS1_E003
SPO-CHIL-SRF-0-8-5-00_bin-213	TOPAZ_SPS1_E004
SPO-CHIL-SRF-0-8-5-00_bin-249	TOPAZ_SPS1_E005
SPO-CHIL-SRF-0-8-5-00_bin-39	TOPAZ_SPS1_E006
SPO-PEOD-SRF-0-8-5-00_bin-27	TOPAZ_SPS1_E007
SPO-PEOD-SRF-0-8-5-00_bin-91	TOPAZ_SPS1_E008
SPO-SPSG-SRF-0-8-5-00_bin-104	TOPAZ_SPS1_E009
SPO-SPSG-SRF-0-8-5-00_bin-151	TOPAZ_SPS1_E010
SPO-SPSG-SRF-0-8-5-00_bin-164	TOPAZ_SPS1_E011
SPO-SPSG-SRF-0-8-5-00_bin-207	TOPAZ_SPS1_E012
SPO-SPSG-SRF-0-8-5-00_bin-217	TOPAZ_SPS1_E013
SPO-SPSG-SRF-0-8-5-00_bin-234	TOPAZ_SPS1_E014
SPO-SPSG-SRF-0-8-5-00_bin-27	TOPAZ_SPS1_E015
SPO-SPSG-SRF-0-8-5-00_bin-277	TOPAZ_SPS1_E016
SPO-SPSG-SRF-0-8-5-00_bin-285	TOPAZ_SPS1_E017
SPO-SPSG-SRF-0-8-5-00_bin-290	TOPAZ_SPS1_E018
SPO-SPSG-SRF-0-8-5-00_bin-296	TOPAZ_SPS1_E019
SPO-SPSG-SRF-0-8-5-00_bin-303	TOPAZ_SPS1_E020
SPO-SPSG-SRF-0-8-5-00_bin-329	TOPAZ_SPS1_E021
SPO-SPSG-SRF-0-8-5-00_bin-374	TOPAZ_SPS1_E022
SPO-SPSG-SRF-0-8-5-00_bin-379	TOPAZ_SPS1_E023
SPO-SPSG-SRF-0-8-5-00_bin-40	TOPAZ_SPS1_E024
SPO-SPSG-SRF-0-8-5-00_bin-427	TOPAZ_SPS1_E025
SPO-SPSG-SRF-0-8-5-00_bin-438	TOPAZ_SPS1_E026
SPO-SPSG-SRF-0-8-5-00_bin-477	TOPAZ_SPS1_E027
SPO-SPSG-SRF-0-8-5-00_bin-560	TOPAZ_SPS1_E028
SPO-SPSG-SRF-0-8-5-00_bin-565	TOPAZ_SPS1_E029
SPO-SPSG-SRF-0-8-5-00_bin-578	TOPAZ_SPS1_E030
SPO-SPSG-SRF-0-8-5-00_bin-580	TOPAZ_SPS1_E031
SPO-SPSG-SRF-0-8-5-00_bin-581	TOPAZ_SPS1_E032
SPO-SPSG-SRF-0-8-5-00_bin-608	TOPAZ_SPS1_E033
SPO-SPSG-SRF-0-8-5-00_bin-614	TOPAZ_SPS1_E034
SPO-SPSG-SRF-0-8-5-00_bin-642	TOPAZ_SPS1_E035
SPO-SPSG-SRF-0-8-5-00_bin-658	TOPAZ_SPS1_E036
SPO-SPSG-SRF-0-8-5-00_bin-66	TOPAZ_SPS1_E037
SPO-SPSG-SRF-0-8-5-00_bin-663	TOPAZ_SPS1_E038
SPO-SPSG-SRF-0-8-5-00_bin-672	TOPAZ_SPS1_E039
SPO-SPSG-SRF-0-8-5-00_bin-673	TOPAZ_SPS1_E040
SPO-SPSG-SRF-0-8-5-00_bin-82	TOPAZ_SPS1_E041
SPO-all-SRF-0-8-5-00_bin-102	TOPAZ_SPS1_E042
SPO-all-SRF-0-8-5-00_bin-1028	TOPAZ_SPS1_E043
SPO-all-SRF-0-8-5-00_bin-1039	TOPAZ_SPS1_E044
SPO-all-SRF-0-8-5-00_bin-1040	TOPAZ_SPS1_E045
SPO-all-SRF-0-8-5-00_bin-130	TOPAZ_SPS1_E046
SPO-all-SRF-0-8-5-00_bin-148	TOPAZ_SPS1_E047
SPO-all-SRF-0-8-5-00_bin-165	TOPAZ_SPS1_E048
SPO-all-SRF-0-8-5-00_bin-190	TOPAZ_SPS1_E049
SPO-all-SRF-0-8-5-00_bin-226	TOPAZ_SPS1_E050
SPO-all-SRF-0-8-5-00_bin-234	TOPAZ_SPS1_E051
SPO-all-SRF-0-8-5-00_bin-25	TOPAZ_SPS1_E052
SPO-all-SRF-0-8-5-00_bin-305	TOPAZ_SPS1_E053
SPO-all-SRF-0-8-5-00_bin-318	TOPAZ_SPS1_E054
SPO-all-SRF-0-8-5-00_bin-341	TOPAZ_SPS1_E055
SPO-all-SRF-0-8-5-00_bin-345	TOPAZ_SPS1_E056
SPO-all-SRF-0-8-5-00_bin-394	TOPAZ_SPS1_E057
SPO-all-SRF-0-8-5-00_bin-449	TOPAZ_SPS1_E058
SPO-all-SRF-0-8-5-00_bin-459	TOPAZ_SPS1_E059
SPO-all-SRF-0-8-5-00_bin-460	TOPAZ_SPS1_E060
SPO-all-SRF-0-8-5-00_bin-469	TOPAZ_SPS1_E061
SPO-all-SRF-0-8-5-00_bin-470	TOPAZ_SPS1_E062
SPO-all-SRF-0-8-5-00_bin-496	TOPAZ_SPS1_E063
SPO-all-SRF-0-8-5-00_bin-499	TOPAZ_SPS1_E064
SPO-all-SRF-0-8-5-00_bin-502	TOPAZ_SPS1_E065
SPO-all-SRF-0-8-5-00_bin-505	TOPAZ_SPS1_E066
SPO-all-SRF-0-8-5-00_bin-508	TOPAZ_SPS1_E067
SPO-all-SRF-0-8-5-00_bin-515	TOPAZ_SPS1_E068
SPO-all-SRF-0-8-5-00_bin-551	TOPAZ_SPS1_E069
SPO-all-SRF-0-8-5-00_bin-561	TOPAZ_SPS1_E070
SPO-all-SRF-0-8-5-00_bin-587	TOPAZ_SPS1_E071
SPO-all-SRF-0-8-5-00_bin-633	TOPAZ_SPS1_E072
SPO-all-SRF-0-8-5-00_bin-664	TOPAZ_SPS1_E073
SPO-all-SRF-0-8-5-00_bin-716	TOPAZ_SPS1_E074
SPO-all-SRF-0-8-5-00_bin-721	TOPAZ_SPS1_E075
SPO-all-SRF-0-8-5-00_bin-737	TOPAZ_SPS1_E076
SPO-all-SRF-0-8-5-00_bin-761	TOPAZ_SPS1_E077
SPO-all-SRF-0-8-5-00_bin-775	TOPAZ_SPS1_E078
SPO-all-SRF-0-8-5-00_bin-807	TOPAZ_SPS1_E079
SPO-all-SRF-0-8-5-00_bin-825	TOPAZ_SPS1_E080
SPO-all-SRF-0-8-5-00_bin-835	TOPAZ_SPS1_E081
SPO-all-SRF-0-8-5-00_bin-838	TOPAZ_SPS1_E082
SPO-all-SRF-0-8-5-00_bin-844	TOPAZ_SPS1_E083
SPO-all-SRF-0-8-5-00_bin-849	TOPAZ_SPS1_E084
SPO-all-SRF-0-8-5-00_bin-867	TOPAZ_SPS1_E085
SPO-all-SRF-0-8-5-00_bin-880	TOPAZ_SPS1_E086
SPO-all-SRF-0-8-5-00_bin-906	TOPAZ_SPS1_E087
SPO-all-SRF-0-8-5-00_bin-907	TOPAZ_SPS1_E088
SPO-all-SRF-0-8-5-00_bin-922	TOPAZ_SPS1_E089
SPO-all-SRF-0-8-5-00_bin-93	TOPAZ_SPS1_E090
SPO-all-SRF-0-8-5-00_bin-931	TOPAZ_SPS1_E091
SPO-all-SRF-0-8-5-00_bin-975	TOPAZ_SPS1_E092
SPO-all-SRF-0-8-5-00_bin-986	TOPAZ_SPS1_E093
SPO-CHIL-DCM-180-2000-00_bin-3	TOPAZ_SPD4_E001
SPO-PEOD-DCM-180-2000-00_bin-7	TOPAZ_SPD4_E002
SPO-PEOD-DCM-180-2000-00_bin-9	TOPAZ_SPD4_E003
SPO-all-DCM-180-2000-00_bin-31	TOPAZ_SPD4_E004
SPO-all-DCM-180-2000-00_bin-43	TOPAZ_SPD4_E005
SPO-CHIL-SRF-180-2000-00_bin-2	TOPAZ_SPS4_E001
SPO-CHIL-SRF-180-2000-00_bin-20	TOPAZ_SPS4_E002
SPO-CHIL-SRF-180-2000-00_bin-21	TOPAZ_SPS4_E003
SPO-CHIL-SRF-180-2000-00_bin-57	TOPAZ_SPS4_E004
SPO-SPSG-SRF-180-2000-00_bin-1	TOPAZ_SPS4_E005
SPO-SPSG-SRF-180-2000-00_bin-10	TOPAZ_SPS4_E006
SPO-SPSG-SRF-180-2000-00_bin-113	TOPAZ_SPS4_E007
SPO-SPSG-SRF-180-2000-00_bin-122	TOPAZ_SPS4_E008
SPO-SPSG-SRF-180-2000-00_bin-129	TOPAZ_SPS4_E009
SPO-SPSG-SRF-180-2000-00_bin-131	TOPAZ_SPS4_E010
SPO-SPSG-SRF-180-2000-00_bin-136	TOPAZ_SPS4_E011
SPO-SPSG-SRF-180-2000-00_bin-137	TOPAZ_SPS4_E012
SPO-SPSG-SRF-180-2000-00_bin-159	TOPAZ_SPS4_E013
SPO-SPSG-SRF-180-2000-00_bin-16	TOPAZ_SPS4_E014
SPO-SPSG-SRF-180-2000-00_bin-164	TOPAZ_SPS4_E015
SPO-SPSG-SRF-180-2000-00_bin-172	TOPAZ_SPS4_E016
SPO-SPSG-SRF-180-2000-00_bin-187	TOPAZ_SPS4_E017
SPO-SPSG-SRF-180-2000-00_bin-2	TOPAZ_SPS4_E018
SPO-SPSG-SRF-180-2000-00_bin-203	TOPAZ_SPS4_E019
SPO-SPSG-SRF-180-2000-00_bin-205	TOPAZ_SPS4_E020
SPO-SPSG-SRF-180-2000-00_bin-207	TOPAZ_SPS4_E021
SPO-SPSG-SRF-180-2000-00_bin-31	TOPAZ_SPS4_E022
SPO-SPSG-SRF-180-2000-00_bin-35	TOPAZ_SPS4_E023
SPO-SPSG-SRF-180-2000-00_bin-57	TOPAZ_SPS4_E024
SPO-SPSG-SRF-180-2000-00_bin-69	TOPAZ_SPS4_E025
SPO-SPSG-SRF-180-2000-00_bin-78	TOPAZ_SPS4_E026
SPO-SPSG-SRF-180-2000-00_bin-82	TOPAZ_SPS4_E027
SPO-SPSG-SRF-180-2000-00_bin-96	TOPAZ_SPS4_E028
SPO-SPSG-SRF-180-2000-00_bin-98	TOPAZ_SPS4_E029
SPO-all-SRF-180-2000-00_bin-112	TOPAZ_SPS4_E030
SPO-all-SRF-180-2000-00_bin-136	TOPAZ_SPS4_E031
SPO-all-SRF-180-2000-00_bin-141	TOPAZ_SPS4_E032
SPO-all-SRF-180-2000-00_bin-146	TOPAZ_SPS4_E033
SPO-all-SRF-180-2000-00_bin-151	TOPAZ_SPS4_E034
SPO-all-SRF-180-2000-00_bin-153	TOPAZ_SPS4_E035
SPO-all-SRF-180-2000-00_bin-155	TOPAZ_SPS4_E036
SPO-all-SRF-180-2000-00_bin-164	TOPAZ_SPS4_E037
SPO-all-SRF-180-2000-00_bin-17	TOPAZ_SPS4_E038
SPO-all-SRF-180-2000-00_bin-173	TOPAZ_SPS4_E039
SPO-all-SRF-180-2000-00_bin-184	TOPAZ_SPS4_E040
SPO-all-SRF-180-2000-00_bin-214	TOPAZ_SPS4_E041
SPO-all-SRF-180-2000-00_bin-228	TOPAZ_SPS4_E042
SPO-all-SRF-180-2000-00_bin-23	TOPAZ_SPS4_E043
SPO-all-SRF-180-2000-00_bin-263	TOPAZ_SPS4_E044
SPO-all-SRF-180-2000-00_bin-279	TOPAZ_SPS4_E045
SPO-all-SRF-180-2000-00_bin-28	TOPAZ_SPS4_E046
SPO-all-SRF-180-2000-00_bin-289	TOPAZ_SPS4_E047
SPO-all-SRF-180-2000-00_bin-303	TOPAZ_SPS4_E048
SPO-all-SRF-180-2000-00_bin-308	TOPAZ_SPS4_E049
SPO-all-SRF-180-2000-00_bin-31	TOPAZ_SPS4_E050
SPO-all-SRF-180-2000-00_bin-311	TOPAZ_SPS4_E051
SPO-all-SRF-180-2000-00_bin-318	TOPAZ_SPS4_E052
SPO-all-SRF-180-2000-00_bin-49	TOPAZ_SPS4_E053
SPO-all-SRF-180-2000-00_bin-68	TOPAZ_SPS4_E054
SPO-all-SRF-180-2000-00_bin-69	TOPAZ_SPS4_E055
SPO-all-SRF-180-2000-00_bin-73	TOPAZ_SPS4_E056
SPO-CHIL-DCM-20-180-00_bin-3	TOPAZ_SPD3_E001
SPO-PEOD-DCM-20-180-00_bin-18	TOPAZ_SPD3_E002
SPO-PEOD-DCM-20-180-00_bin-4	TOPAZ_SPD3_E003
SPO-PEOD-DCM-20-180-00_bin-9	TOPAZ_SPD3_E004
SPO-SPSG-DCM-20-180-00_bin-1	TOPAZ_SPD3_E005
SPO-SPSG-DCM-20-180-00_bin-14	TOPAZ_SPD3_E006
SPO-SPSG-DCM-20-180-00_bin-2	TOPAZ_SPD3_E007
SPO-SPSG-DCM-20-180-00_bin-23	TOPAZ_SPD3_E008
SPO-SPSG-DCM-20-180-00_bin-25	TOPAZ_SPD3_E009
SPO-SPSG-DCM-20-180-00_bin-30	TOPAZ_SPD3_E010
SPO-SPSG-DCM-20-180-00_bin-32	TOPAZ_SPD3_E011
SPO-CHIL-SRF-20-180-00_bin-16	TOPAZ_SPS3_E001
SPO-CHIL-SRF-20-180-00_bin-27	TOPAZ_SPS3_E002
SPO-CHIL-SRF-20-180-00_bin-30	TOPAZ_SPS3_E003
SPO-CHIL-SRF-20-180-00_bin-8	TOPAZ_SPS3_E004
SPO-PEOD-SRF-20-180-00_bin-1	TOPAZ_SPS3_E005
SPO-PEOD-SRF-20-180-00_bin-12	TOPAZ_SPS3_E006
SPO-PEOD-SRF-20-180-00_bin-14	TOPAZ_SPS3_E007
SPO-PEOD-SRF-20-180-00_bin-15	TOPAZ_SPS3_E008
SPO-PEOD-SRF-20-180-00_bin-18	TOPAZ_SPS3_E009
SPO-PEOD-SRF-20-180-00_bin-25	TOPAZ_SPS3_E010
SPO-PEOD-SRF-20-180-00_bin-32	TOPAZ_SPS3_E011
SPO-PEOD-SRF-20-180-00_bin-35	TOPAZ_SPS3_E012
SPO-PEOD-SRF-20-180-00_bin-45	TOPAZ_SPS3_E013
SPO-SPSG-SRF-20-180-00_bin-100	TOPAZ_SPS3_E014
SPO-SPSG-SRF-20-180-00_bin-104	TOPAZ_SPS3_E015
SPO-SPSG-SRF-20-180-00_bin-106	TOPAZ_SPS3_E016
SPO-SPSG-SRF-20-180-00_bin-109	TOPAZ_SPS3_E017
SPO-SPSG-SRF-20-180-00_bin-113	TOPAZ_SPS3_E018
SPO-SPSG-SRF-20-180-00_bin-115	TOPAZ_SPS3_E019
SPO-SPSG-SRF-20-180-00_bin-127	TOPAZ_SPS3_E020
SPO-SPSG-SRF-20-180-00_bin-129	TOPAZ_SPS3_E021
SPO-SPSG-SRF-20-180-00_bin-130	TOPAZ_SPS3_E022
SPO-SPSG-SRF-20-180-00_bin-153	TOPAZ_SPS3_E023
SPO-SPSG-SRF-20-180-00_bin-158	TOPAZ_SPS3_E024
SPO-SPSG-SRF-20-180-00_bin-164	TOPAZ_SPS3_E025
SPO-SPSG-SRF-20-180-00_bin-168	TOPAZ_SPS3_E026
SPO-SPSG-SRF-20-180-00_bin-177	TOPAZ_SPS3_E027
SPO-SPSG-SRF-20-180-00_bin-178	TOPAZ_SPS3_E028
SPO-SPSG-SRF-20-180-00_bin-18	TOPAZ_SPS3_E029
SPO-SPSG-SRF-20-180-00_bin-182	TOPAZ_SPS3_E030
SPO-SPSG-SRF-20-180-00_bin-188	TOPAZ_SPS3_E031
SPO-SPSG-SRF-20-180-00_bin-26	TOPAZ_SPS3_E032
SPO-SPSG-SRF-20-180-00_bin-38	TOPAZ_SPS3_E033
SPO-SPSG-SRF-20-180-00_bin-52	TOPAZ_SPS3_E034
SPO-SPSG-SRF-20-180-00_bin-59	TOPAZ_SPS3_E035
SPO-SPSG-SRF-20-180-00_bin-62	TOPAZ_SPS3_E036
SPO-SPSG-SRF-20-180-00_bin-65	TOPAZ_SPS3_E037
SPO-SPSG-SRF-20-180-00_bin-68	TOPAZ_SPS3_E038
SPO-SPSG-SRF-20-180-00_bin-69	TOPAZ_SPS3_E039
SPO-SPSG-SRF-20-180-00_bin-71	TOPAZ_SPS3_E040
SPO-SPSG-SRF-20-180-00_bin-78	TOPAZ_SPS3_E041
SPO-SPSG-SRF-20-180-00_bin-80	TOPAZ_SPS3_E042
SPO-SPSG-SRF-20-180-00_bin-81	TOPAZ_SPS3_E043
SPO-SPSG-SRF-20-180-00_bin-82	TOPAZ_SPS3_E044
SPO-SPSG-SRF-20-180-00_bin-93	TOPAZ_SPS3_E045
SPO-SPSG-SRF-20-180-00_bin-94	TOPAZ_SPS3_E046
SPO-SPSG-SRF-20-180-00_bin-96	TOPAZ_SPS3_E047
SPO-SPSG-SRF-20-180-00_bin-97	TOPAZ_SPS3_E048
SPO-SPSG-SRF-20-180-00_bin-99	TOPAZ_SPS3_E049
SPO-all-SRF-20-180-00_bin-105	TOPAZ_SPS3_E050
SPO-all-SRF-20-180-00_bin-110	TOPAZ_SPS3_E051
SPO-all-SRF-20-180-00_bin-111	TOPAZ_SPS3_E052
SPO-all-SRF-20-180-00_bin-119	TOPAZ_SPS3_E053
SPO-all-SRF-20-180-00_bin-12	TOPAZ_SPS3_E054
SPO-all-SRF-20-180-00_bin-120	TOPAZ_SPS3_E055
SPO-all-SRF-20-180-00_bin-125	TOPAZ_SPS3_E056
SPO-all-SRF-20-180-00_bin-126	TOPAZ_SPS3_E057
SPO-all-SRF-20-180-00_bin-127	TOPAZ_SPS3_E058
SPO-all-SRF-20-180-00_bin-129	TOPAZ_SPS3_E059
SPO-all-SRF-20-180-00_bin-13	TOPAZ_SPS3_E060
SPO-all-SRF-20-180-00_bin-132	TOPAZ_SPS3_E061
SPO-all-SRF-20-180-00_bin-134	TOPAZ_SPS3_E062
SPO-all-SRF-20-180-00_bin-137	TOPAZ_SPS3_E063
SPO-all-SRF-20-180-00_bin-146	TOPAZ_SPS3_E064
SPO-all-SRF-20-180-00_bin-151	TOPAZ_SPS3_E065
SPO-all-SRF-20-180-00_bin-158	TOPAZ_SPS3_E066
SPO-all-SRF-20-180-00_bin-16	TOPAZ_SPS3_E067
SPO-all-SRF-20-180-00_bin-160	TOPAZ_SPS3_E068
SPO-all-SRF-20-180-00_bin-167	TOPAZ_SPS3_E069
SPO-all-SRF-20-180-00_bin-171	TOPAZ_SPS3_E070
SPO-all-SRF-20-180-00_bin-172	TOPAZ_SPS3_E071
SPO-all-SRF-20-180-00_bin-173	TOPAZ_SPS3_E072
SPO-all-SRF-20-180-00_bin-177	TOPAZ_SPS3_E073
SPO-all-SRF-20-180-00_bin-185	TOPAZ_SPS3_E074
SPO-all-SRF-20-180-00_bin-188	TOPAZ_SPS3_E075
SPO-all-SRF-20-180-00_bin-190	TOPAZ_SPS3_E076
SPO-all-SRF-20-180-00_bin-202	TOPAZ_SPS3_E077
SPO-all-SRF-20-180-00_bin-21	TOPAZ_SPS3_E078
SPO-all-SRF-20-180-00_bin-214	TOPAZ_SPS3_E079
SPO-all-SRF-20-180-00_bin-225	TOPAZ_SPS3_E080
SPO-all-SRF-20-180-00_bin-23	TOPAZ_SPS3_E081
SPO-all-SRF-20-180-00_bin-243	TOPAZ_SPS3_E082
SPO-all-SRF-20-180-00_bin-268	TOPAZ_SPS3_E083
SPO-all-SRF-20-180-00_bin-274	TOPAZ_SPS3_E084
SPO-all-SRF-20-180-00_bin-40	TOPAZ_SPS3_E085
SPO-all-SRF-20-180-00_bin-51	TOPAZ_SPS3_E086
SPO-all-SRF-20-180-00_bin-52	TOPAZ_SPS3_E087
SPO-all-SRF-20-180-00_bin-54	TOPAZ_SPS3_E088
SPO-all-SRF-20-180-00_bin-59	TOPAZ_SPS3_E089
SPO-all-SRF-20-180-00_bin-70	TOPAZ_SPS3_E090
SPO-all-SRF-20-180-00_bin-78	TOPAZ_SPS3_E091
SPO-all-SRF-20-180-00_bin-84	TOPAZ_SPS3_E092
SPO-all-SRF-20-180-00_bin-86	TOPAZ_SPS3_E093
SPO-all-SRF-20-180-00_bin-88	TOPAZ_SPS3_E094
SPO-SPSG-DCM-5-20-00_bin-1	TOPAZ_SPD2_E001
SPO-SPSG-DCM-5-20-00_bin-33	TOPAZ_SPD2_E002
SPO-SPSG-DCM-5-20-00_bin-40	TOPAZ_SPD2_E003
SPO-PEOD-SRF-5-20-00_bin-37	TOPAZ_SPS2_E001
SPO-PEOD-SRF-5-20-00_bin-8	TOPAZ_SPS2_E002
SPO-SPSG-SRF-5-20-00_bin-108	TOPAZ_SPS2_E003
SPO-SPSG-SRF-5-20-00_bin-127	TOPAZ_SPS2_E004
SPO-SPSG-SRF-5-20-00_bin-21	TOPAZ_SPS2_E005
SPO-SPSG-SRF-5-20-00_bin-3	TOPAZ_SPS2_E006
SPO-SPSG-SRF-5-20-00_bin-49	TOPAZ_SPS2_E007
SPO-SPSG-SRF-5-20-00_bin-57	TOPAZ_SPS2_E008
SPO-SPSG-SRF-5-20-00_bin-72	TOPAZ_SPS2_E009
SPO-SPSG-SRF-5-20-00_bin-80	TOPAZ_SPS2_E010
SPO-all-SRF-5-20-00_bin-1	TOPAZ_SPS2_E011
SPO-all-SRF-5-20-00_bin-108	TOPAZ_SPS2_E012
SPO-all-SRF-5-20-00_bin-110	TOPAZ_SPS2_E013
SPO-all-SRF-5-20-00_bin-111	TOPAZ_SPS2_E014
SPO-all-SRF-5-20-00_bin-113	TOPAZ_SPS2_E015
SPO-all-SRF-5-20-00_bin-118	TOPAZ_SPS2_E016
SPO-all-SRF-5-20-00_bin-120	TOPAZ_SPS2_E017
SPO-all-SRF-5-20-00_bin-13	TOPAZ_SPS2_E018
SPO-all-SRF-5-20-00_bin-152	TOPAZ_SPS2_E019
SPO-all-SRF-5-20-00_bin-176	TOPAZ_SPS2_E020
SPO-all-SRF-5-20-00_bin-182	TOPAZ_SPS2_E021
SPO-all-SRF-5-20-00_bin-20	TOPAZ_SPS2_E022
SPO-all-SRF-5-20-00_bin-223	TOPAZ_SPS2_E023
SPO-all-SRF-5-20-00_bin-55	TOPAZ_SPS2_E024
SPO-all-SRF-5-20-00_bin-57	TOPAZ_SPS2_E025
SPO-all-SRF-5-20-00_bin-77	TOPAZ_SPS2_E026
